nom,prenom,service,fixe,portable,renvoi,a_verifier
NOM1,Prenom1,SERV,03 00 00 00 00,06 00 00 00 00,,
NOM2,Prenom2,SERV,03 00 00 00 00,06 00 00 00 00,,
NOM3,Prenom3,SERV,03 00 00 00 00,06 00 00 00 00,,
NOM4,Prenom4,SERV,03 00 00 00 00,06 00 00 00 00,,
NOM5,Prenom5,SERV,03 00 00 00 00,06 00 00 00 00,,
NOM6,Prenom6,SERV,03 00 00 00 00,06 00 00 00 00,,
NOM7,Prenom7,SERV,03 00 00 00 00,06 00 00 00 00,,
NOM8,Prenom8,SERV,03 00 00 00 00,06 00 00 00 00,,
NOM9,Prenom9,SERV,03 00 00 00 00,06 00 00 00 00,,
NOM10,Prenom10,SERV,03 00 00 00 00,06 00 00 00 00,,
NOM11,Prenom11,SERV,03 00 00 00 00,06 00 00 00 00,,
NOM12,Prenom12,SERV,03 00 00 00 00,06 00 00 00 00,,
NOM13,Prenom13,SERV,03 00 00 00 00,06 00 00 00 00,,
NOM14,Prenom14,SERV,03 00 00 00 00,06 00 00 00 00,,
NOM15,Prenom15,SERV,03 00 00 00 00,06 00 00 00 00,,
NOM16,Prenom16,SERV,03 00 00 00 00,06 00 00 00 00,,
NOM17,Prenom17,SERV,03 00 00 00 00,06 00 00 00 00,,
NOM18,Prenom18,SERV,03 00 00 00 00,06 00 00 00 00,,
NOM19,Prenom19,SERV,03 00 00 00 00,06 00 00 00 00,,
NOM20,Prenom20,SERV,03 00 00 00 00,06 00 00 00 00,,
NOM21,Prenom21,SERV,03 00 00 00 00,06 00 00 00 00,,
NOM22,Prenom22,SERV,03 00 00 00 00,06 00 00 00 00,,
NOM23,Prenom23,SERV,03 00 00 00 00,06 00 00 00 00,,
NOM24,Prenom24,SERV,03 00 00 00 00,06 00 00 00 00,,
NOM25,Prenom25,SERV,03 00 00 00 00,06 00 00 00 00,,
NOM26,Prenom26,SERV,03 00 00 00 00,06 00 00 00 00,,
NOM27,Prenom27,SERV,03 00 00 00 00,06 00 00 00 00,,
NOM28,Prenom28,SERV,03 00 00 00 00,06 00 00 00 00,,
NOM29,Prenom29,SERV,03 00 00 00 00,06 00 00 00 00,,
NOM30,Prenom30,SERV,03 00 00 00 00,06 00 00 00 00,,
NOM31,Prenom31,SERV,03 00 00 00 00,06 00 00 00 00,,
NOM32,Prenom32,SERV,03 00 00 00 00,06 00 00 00 00,,
NOM33,Prenom33,SERV,03 00 00 00 00,06 00 00 00 00,,
NOM34,Prenom34,SERV,03 00 00 00 00,06 00 00 00 00,,
NOM35,Prenom35,SERV,03 00 00 00 00,06 00 00 00 00,,
NOM36,Prenom36,SERV,03 00 00 00 00,06 00 00 00 00,,
NOM37,Prenom37,SERV,03 00 00 00 00,06 00 00 00 00,,
NOM38,Prenom38,SERV,03 00 00 00 00,06 00 00 00 00,,
NOM39,Prenom39,SERV,03 00 00 00 00,06 00 00 00 00,,
NOM40,Prenom40,SERV,03 00 00 00 00,06 00 00 00 00,,
NOM41,Prenom41,SERV,03 00 00 00 00,06 00 00 00 00,,
NOM42,Prenom42,SERV,03 00 00 00 00,06 00 00 00 00,,
NOM43,Prenom43,SERV,03 00 00 00 00,06 00 00 00 00,,
NOM44,Prenom44,SERV,03 00 00 00 00,06 00 00 00 00,,
NOM45,Prenom45,SERV,03 00 00 00 00,06 00 00 00 00,,
NOM46,Prenom46,SERV,03 00 00 00 00,06 00 00 00 00,,
NOM47,Prenom47,SERV,03 00 00 00 00,06 00 00 00 00,,
NOM48,Prenom48,SERV,03 00 00 00 00,06 00 00 00 00,,
NOM49,Prenom49,SERV,03 00 00 00 00,06 00 00 00 00,,
NOM50,Prenom50,SERV,03 00 00 00 00,06 00 00 00 00,,
NOM51,Prenom51,SERV,03 00 00 00 00,06 00 00 00 00,,
NOM52,Prenom52,SERV,03 00 00 00 00,06 00 00 00 00,,
NOM53,Prenom53,SERV,03 00 00 00 00,06 00 00 00 00,,
NOM54,Prenom54,SERV,03 00 00 00 00,06 00 00 00 00,,
NOM55,Prenom55,SERV,03 00 00 00 00,06 00 00 00 00,,
NOM56,Prenom56,SERV,03 00 00 00 00,06 00 00 00 00,,
NOM57,Prenom57,SERV,03 00 00 00 00,06 00 00 00 00,,
NOM58,Prenom58,SERV,03 00 00 00 00,06 00 00 00 00,,
NOM59,Prenom59,SERV,03 00 00 00 00,06 00 00 00 00,,
NOM60,Prenom60,SERV,03 00 00 00 00,06 00 00 00 00,,
NOM61,Prenom61,SERV,03 00 00 00 00,06 00 00 00 00,,
NOM62,Prenom62,SERV,03 00 00 00 00,06 00 00 00 00,,
NOM63,Prenom63,SERV,03 00 00 00 00,06 00 00 00 00,,
NOM64,Prenom64,SERV,03 00 00 00 00,06 00 00 00 00,,
NOM65,Prenom65,SERV,03 00 00 00 00,06 00 00 00 00,,
NOM66,Prenom66,SERV,03 00 00 00 00,06 00 00 00 00,,
NOM67,Prenom67,SERV,03 00 00 00 00,06 00 00 00 00,,
NOM68,Prenom68,SERV,03 00 00 00 00,06 00 00 00 00,,
NOM69,Prenom69,SERV,03 00 00 00 00,06 00 00 00 00,,
NOM70,Prenom70,SERV,03 00 00 00 00,06 00 00 00 00,,
NOM71,Prenom71,SERV,03 00 00 00 00,06 00 00 00 00,,
NOM72,Prenom72,SERV,03 00 00 00 00,06 00 00 00 00,,
NOM73,Prenom73,SERV,03 00 00 00 00,06 00 00 00 00,,
NOM74,Prenom74,SERV,03 00 00 00 00,06 00 00 00 00,,
NOM75,Prenom75,SERV,03 00 00 00 00,06 00 00 00 00,,
NOM76,Prenom76,SERV,03 00 00 00 00,06 00 00 00 00,,
NOM77,Prenom77,SERV,03 00 00 00 00,06 00 00 00 00,,
NOM78,Prenom78,SERV,03 00 00 00 00,06 00 00 00 00,,
NOM79,Prenom79,SERV,03 00 00 00 00,06 00 00 00 00,,
NOM80,Prenom80,SERV,03 00 00 00 00,06 00 00 00 00,,
NOM81,Prenom81,SERV,03 00 00 00 00,06 00 00 00 00,,
NOM82,Prenom82,SERV,03 00 00 00 00,06 00 00 00 00,,
NOM83,Prenom83,SERV,03 00 00 00 00,06 00 00 00 00,,
NOM84,Prenom84,SERV,03 00 00 00 00,06 00 00 00 00,,
NOM85,Prenom85,SERV,03 00 00 00 00,06 00 00 00 00,,
NOM86,Prenom86,SERV,03 00 00 00 00,06 00 00 00 00,,
NOM87,Prenom87,SERV,03 00 00 00 00,06 00 00 00 00,,
NOM88,Prenom88,SERV,03 00 00 00 00,06 00 00 00 00,,
NOM89,Prenom89,SERV,03 00 00 00 00,06 00 00 00 00,,
NOM90,Prenom90,SERV,03 00 00 00 00,06 00 00 00 00,,
NOM91,Prenom91,SERV,03 00 00 00 00,06 00 00 00 00,,
NOM92,Prenom92,SERV,03 00 00 00 00,06 00 00 00 00,,
NOM93,Prenom93,SERV,03 00 00 00 00,06 00 00 00 00,,
NOM94,Prenom94,SERV,03 00 00 00 00,06 00 00 00 00,,
NOM95,Prenom95,SERV,03 00 00 00 00,06 00 00 00 00,,
NOM96,Prenom96,SERV,03 00 00 00 00,06 00 00 00 00,,
NOM97,Prenom97,SERV,03 00 00 00 00,06 00 00 00 00,,
NOM98,Prenom98,SERV,03 00 00 00 00,06 00 00 00 00,,
NOM99,Prenom99,SERV,03 00 00 00 00,06 00 00 00 00,,
NOM100,Prenom100,SERV,03 00 00 00 00,06 00 00 00 00,,
NOM101,Prenom101,SERV,03 00 00 00 00,06 00 00 00 00,,
NOM102,Prenom102,SERV,03 00 00 00 00,06 00 00 00 00,,
NOM103,Prenom103,SERV,03 00 00 00 00,06 00 00 00 00,,
NOM104,Prenom104,SERV,03 00 00 00 00,06 00 00 00 00,,
NOM105,Prenom105,SERV,03 00 00 00 00,06 00 00 00 00,,
NOM106,Prenom106,SERV,03 00 00 00 00,06 00 00 00 00,,
NOM107,Prenom107,SERV,03 00 00 00 00,06 00 00 00 00,,
NOM108,Prenom108,SERV,03 00 00 00 00,06 00 00 00 00,,
NOM109,Prenom109,SERV,03 00 00 00 00,06 00 00 00 00,,
NOM110,Prenom110,SERV,03 00 00 00 00,06 00 00 00 00,,
NOM111,Prenom111,SERV,03 00 00 00 00,06 00 00 00 00,,
NOM112,Prenom112,SERV,03 00 00 00 00,06 00 00 00 00,,
NOM113,Prenom113,SERV,03 00 00 00 00,06 00 00 00 00,,
NOM114,Prenom114,SERV,03 00 00 00 00,06 00 00 00 00,,
NOM115,Prenom115,SERV,03 00 00 00 00,06 00 00 00 00,,
NOM116,Prenom116,SERV,03 00 00 00 00,06 00 00 00 00,,
NOM117,Prenom117,SERV,03 00 00 00 00,06 00 00 00 00,,
NOM118,Prenom118,SERV,03 00 00 00 00,06 00 00 00 00,,
NOM119,Prenom119,SERV,03 00 00 00 00,06 00 00 00 00,,
NOM120,Prenom120,SERV,03 00 00 00 00,06 00 00 00 00,,
NOM121,Prenom121,SERV,03 00 00 00 00,06 00 00 00 00,,
NOM122,Prenom122,SERV,03 00 00 00 00,06 00 00 00 00,,
NOM123,Prenom123,SERV,03 00 00 00 00,06 00 00 00 00,,
NOM124,Prenom124,SERV,03 00 00 00 00,06 00 00 00 00,,
NOM125,Prenom125,SERV,03 00 00 00 00,06 00 00 00 00,,
NOM126,Prenom126,SERV,03 00 00 00 00,06 00 00 00 00,,
NOM127,Prenom127,SERV,03 00 00 00 00,06 00 00 00 00,,
NOM128,Prenom128,SERV,03 00 00 00 00,06 00 00 00 00,,
NOM129,Prenom129,SERV,03 00 00 00 00,06 00 00 00 00,,
NOM130,Prenom130,SERV,03 00 00 00 00,06 00 00 00 00,,
NOM131,Prenom131,SERV,03 00 00 00 00,06 00 00 00 00,,
NOM132,Prenom132,SERV,03 00 00 00 00,06 00 00 00 00,,
NOM133,Prenom133,SERV,03 00 00 00 00,06 00 00 00 00,,
NOM134,Prenom134,SERV,03 00 00 00 00,06 00 00 00 00,,
NOM135,Prenom135,SERV,03 00 00 00 00,06 00 00 00 00,,
NOM136,Prenom136,SERV,03 00 00 00 00,06 00 00 00 00,,
NOM137,Prenom137,SERV,03 00 00 00 00,06 00 00 00 00,,
NOM138,Prenom138,SERV,03 00 00 00 00,06 00 00 00 00,,
NOM139,Prenom139,SERV,03 00 00 00 00,06 00 00 00 00,,
NOM140,Prenom140,SERV,03 00 00 00 00,06 00 00 00 00,,
NOM141,Prenom141,SERV,03 00 00 00 00,06 00 00 00 00,,
NOM142,Prenom142,SERV,03 00 00 00 00,06 00 00 00 00,,
NOM143,Prenom143,SERV,03 00 00 00 00,06 00 00 00 00,,
NOM144,Prenom144,SERV,03 00 00 00 00,06 00 00 00 00,,
NOM145,Prenom145,SERV,03 00 00 00 00,06 00 00 00 00,,
NOM146,Prenom146,SERV,03 00 00 00 00,06 00 00 00 00,,
NOM147,Prenom147,SERV,03 00 00 00 00,06 00 00 00 00,,
NOM148,Prenom148,SERV,03 00 00 00 00,06 00 00 00 00,,
NOM149,Prenom149,SERV,03 00 00 00 00,06 00 00 00 00,,
NOM150,Prenom150,SERV,03 00 00 00 00,06 00 00 00 00,,
NOM151,Prenom151,SERV,03 00 00 00 00,06 00 00 00 00,,
NOM152,Prenom152,SERV,03 00 00 00 00,06 00 00 00 00,,
NOM153,Prenom153,SERV,03 00 00 00 00,06 00 00 00 00,,
NOM154,Prenom154,SERV,03 00 00 00 00,06 00 00 00 00,,
NOM155,Prenom155,SERV,03 00 00 00 00,06 00 00 00 00,,
NOM156,Prenom156,SERV,03 00 00 00 00,06 00 00 00 00,,
NOM157,Prenom157,SERV,03 00 00 00 00,06 00 00 00 00,,
NOM158,Prenom158,SERV,03 00 00 00 00,06 00 00 00 00,,
NOM159,Prenom159,SERV,03 00 00 00 00,06 00 00 00 00,,
NOM160,Prenom160,SERV,03 00 00 00 00,06 00 00 00 00,,
NOM161,Prenom161,SERV,03 00 00 00 00,06 00 00 00 00,,
NOM162,Prenom162,SERV,03 00 00 00 00,06 00 00 00 00,,
NOM163,Prenom163,SERV,03 00 00 00 00,06 00 00 00 00,,
NOM164,Prenom164,SERV,03 00 00 00 00,06 00 00 00 00,,
NOM165,Prenom165,SERV,03 00 00 00 00,06 00 00 00 00,,
NOM166,Prenom166,SERV,03 00 00 00 00,06 00 00 00 00,,
NOM167,Prenom167,SERV,03 00 00 00 00,06 00 00 00 00,,
NOM168,Prenom168,SERV,03 00 00 00 00,06 00 00 00 00,,
NOM169,Prenom169,SERV,03 00 00 00 00,06 00 00 00 00,,
NOM170,Prenom170,SERV,03 00 00 00 00,06 00 00 00 00,,
NOM171,Prenom171,SERV,03 00 00 00 00,06 00 00 00 00,,
NOM172,Prenom172,SERV,03 00 00 00 00,06 00 00 00 00,,
NOM173,Prenom173,SERV,03 00 00 00 00,06 00 00 00 00,,
NOM174,Prenom174,SERV,03 00 00 00 00,06 00 00 00 00,,
NOM175,Prenom175,SERV,03 00 00 00 00,06 00 00 00 00,,
NOM176,Prenom176,SERV,03 00 00 00 00,06 00 00 00 00,,
NOM177,Prenom177,SERV,03 00 00 00 00,06 00 00 00 00,,
NOM178,Prenom178,SERV,03 00 00 00 00,06 00 00 00 00,,
NOM179,Prenom179,SERV,03 00 00 00 00,06 00 00 00 00,,
NOM180,Prenom180,SERV,03 00 00 00 00,06 00 00 00 00,,
NOM181,Prenom181,SERV,03 00 00 00 00,06 00 00 00 00,,
NOM182,Prenom182,SERV,03 00 00 00 00,06 00 00 00 00,,
NOM183,Prenom183,SERV,03 00 00 00 00,06 00 00 00 00,,
NOM184,Prenom184,SERV,03 00 00 00 00,06 00 00 00 00,,
NOM185,Prenom185,SERV,03 00 00 00 00,06 00 00 00 00,,
NOM186,Prenom186,SERV,03 00 00 00 00,06 00 00 00 00,,
NOM187,Prenom187,SERV,03 00 00 00 00,06 00 00 00 00,,
NOM188,Prenom188,SERV,03 00 00 00 00,06 00 00 00 00,,
NOM189,Prenom189,SERV,03 00 00 00 00,06 00 00 00 00,,
NOM190,Prenom190,SERV,03 00 00 00 00,06 00 00 00 00,,
NOM191,Prenom191,SERV,03 00 00 00 00,06 00 00 00 00,,
NOM192,Prenom192,SERV,03 00 00 00 00,06 00 00 00 00,,
NOM193,Prenom193,SERV,03 00 00 00 00,06 00 00 00 00,,
NOM194,Prenom194,SERV,03 00 00 00 00,06 00 00 00 00,,
NOM195,Prenom195,SERV,03 00 00 00 00,06 00 00 00 00,,
NOM196,Prenom196,SERV,03 00 00 00 00,06 00 00 00 00,,
NOM197,Prenom197,SERV,03 00 00 00 00,06 00 00 00 00,,
NOM198,Prenom198,SERV,03 00 00 00 00,06 00 00 00 00,,
NOM199,Prenom199,SERV,03 00 00 00 00,06 00 00 00 00,,
NOM200,Prenom200,SERV,03 00 00 00 00,06 00 00 00 00,,
NOM201,Prenom201,SERV,03 00 00 00 00,06 00 00 00 00,,
NOM202,Prenom202,SERV,03 00 00 00 00,06 00 00 00 00,,
NOM203,Prenom203,SERV,03 00 00 00 00,06 00 00 00 00,,
NOM204,Prenom204,SERV,03 00 00 00 00,06 00 00 00 00,,
NOM205,Prenom205,SERV,03 00 00 00 00,06 00 00 00 00,,
NOM206,Prenom206,SERV,03 00 00 00 00,06 00 00 00 00,,
NOM207,Prenom207,SERV,03 00 00 00 00,06 00 00 00 00,,
NOM208,Prenom208,SERV,03 00 00 00 00,06 00 00 00 00,,
NOM209,Prenom209,SERV,03 00 00 00 00,06 00 00 00 00,,
NOM210,Prenom210,SERV,03 00 00 00 00,06 00 00 00 00,,
NOM211,Prenom211,SERV,03 00 00 00 00,06 00 00 00 00,,
NOM212,Prenom212,SERV,03 00 00 00 00,06 00 00 00 00,,
NOM213,Prenom213,SERV,03 00 00 00 00,06 00 00 00 00,,
NOM214,Prenom214,SERV,03 00 00 00 00,06 00 00 00 00,,
NOM215,Prenom215,SERV,03 00 00 00 00,06 00 00 00 00,,
NOM216,Prenom216,SERV,03 00 00 00 00,06 00 00 00 00,,
NOM217,Prenom217,SERV,03 00 00 00 00,06 00 00 00 00,,
NOM218,Prenom218,SERV,03 00 00 00 00,06 00 00 00 00,,
NOM219,Prenom219,SERV,03 00 00 00 00,06 00 00 00 00,,
NOM220,Prenom220,SERV,03 00 00 00 00,06 00 00 00 00,,
NOM221,Prenom221,SERV,03 00 00 00 00,06 00 00 00 00,,
NOM222,Prenom222,SERV,03 00 00 00 00,06 00 00 00 00,,
NOM223,Prenom223,SERV,03 00 00 00 00,06 00 00 00 00,,
NOM224,Prenom224,SERV,03 00 00 00 00,06 00 00 00 00,,
NOM225,Prenom225,SERV,03 00 00 00 00,06 00 00 00 00,,
NOM226,Prenom226,SERV,03 00 00 00 00,06 00 00 00 00,,
NOM227,Prenom227,SERV,03 00 00 00 00,06 00 00 00 00,,
NOM228,Prenom228,SERV,03 00 00 00 00,06 00 00 00 00,,
NOM229,Prenom229,SERV,03 00 00 00 00,06 00 00 00 00,,
NOM230,Prenom230,SERV,03 00 00 00 00,06 00 00 00 00,,
NOM231,Prenom231,SERV,03 00 00 00 00,06 00 00 00 00,,
NOM232,Prenom232,SERV,03 00 00 00 00,06 00 00 00 00,,
NOM233,Prenom233,SERV,03 00 00 00 00,06 00 00 00 00,,
NOM234,Prenom234,SERV,03 00 00 00 00,06 00 00 00 00,,
NOM235,Prenom235,SERV,03 00 00 00 00,06 00 00 00 00,,
NOM236,Prenom236,SERV,03 00 00 00 00,06 00 00 00 00,,
NOM237,Prenom237,SERV,03 00 00 00 00,06 00 00 00 00,,
NOM238,Prenom238,SERV,03 00 00 00 00,06 00 00 00 00,,
NOM239,Prenom239,SERV,03 00 00 00 00,06 00 00 00 00,,
NOM240,Prenom240,SERV,03 00 00 00 00,06 00 00 00 00,,
NOM241,Prenom241,SERV,03 00 00 00 00,06 00 00 00 00,,
NOM242,Prenom242,SERV,03 00 00 00 00,06 00 00 00 00,,
NOM243,Prenom243,SERV,03 00 00 00 00,06 00 00 00 00,,
NOM244,Prenom244,SERV,03 00 00 00 00,06 00 00 00 00,,
NOM245,Prenom245,SERV,03 00 00 00 00,06 00 00 00 00,,
NOM246,Prenom246,SERV,03 00 00 00 00,06 00 00 00 00,,
NOM247,Prenom247,SERV,03 00 00 00 00,06 00 00 00 00,,
NOM248,Prenom248,SERV,03 00 00 00 00,06 00 00 00 00,,
NOM249,Prenom249,SERV,03 00 00 00 00,06 00 00 00 00,,
NOM250,Prenom250,SERV,03 00 00 00 00,06 00 00 00 00,,
NOM251,Prenom251,SERV,03 00 00 00 00,06 00 00 00 00,,
NOM252,Prenom252,SERV,03 00 00 00 00,06 00 00 00 00,,
NOM253,Prenom253,SERV,03 00 00 00 00,06 00 00 00 00,,
NOM254,Prenom254,SERV,03 00 00 00 00,06 00 00 00 00,,
NOM255,Prenom255,SERV,03 00 00 00 00,06 00 00 00 00,,
NOM256,Prenom256,SERV,03 00 00 00 00,06 00 00 00 00,,
NOM257,Prenom257,SERV,03 00 00 00 00,06 00 00 00 00,,
NOM258,Prenom258,SERV,03 00 00 00 00,06 00 00 00 00,,
NOM259,Prenom259,SERV,03 00 00 00 00,06 00 00 00 00,,
NOM260,Prenom260,SERV,03 00 00 00 00,06 00 00 00 00,,
NOM261,Prenom261,SERV,03 00 00 00 00,06 00 00 00 00,,
NOM262,Prenom262,SERV,03 00 00 00 00,06 00 00 00 00,,
NOM263,Prenom263,SERV,03 00 00 00 00,06 00 00 00 00,,
NOM264,Prenom264,SERV,03 00 00 00 00,06 00 00 00 00,,
NOM265,Prenom265,SERV,03 00 00 00 00,06 00 00 00 00,,
NOM266,Prenom266,SERV,03 00 00 00 00,06 00 00 00 00,,
NOM267,Prenom267,SERV,03 00 00 00 00,06 00 00 00 00,,
NOM268,Prenom268,SERV,03 00 00 00 00,06 00 00 00 00,,
NOM269,Prenom269,SERV,03 00 00 00 00,06 00 00 00 00,,
NOM270,Prenom270,SERV,03 00 00 00 00,06 00 00 00 00,,
NOM271,Prenom271,SERV,03 00 00 00 00,06 00 00 00 00,,
NOM272,Prenom272,SERV,03 00 00 00 00,06 00 00 00 00,,
NOM273,Prenom273,SERV,03 00 00 00 00,06 00 00 00 00,,
NOM274,Prenom274,SERV,03 00 00 00 00,06 00 00 00 00,,
NOM275,Prenom275,SERV,03 00 00 00 00,06 00 00 00 00,,
NOM276,Prenom276,SERV,03 00 00 00 00,06 00 00 00 00,,
NOM277,Prenom277,SERV,03 00 00 00 00,06 00 00 00 00,,
NOM278,Prenom278,SERV,03 00 00 00 00,06 00 00 00 00,,
NOM279,Prenom279,SERV,03 00 00 00 00,06 00 00 00 00,,
NOM280,Prenom280,SERV,03 00 00 00 00,06 00 00 00 00,,
NOM281,Prenom281,SERV,03 00 00 00 00,06 00 00 00 00,,
NOM282,Prenom282,SERV,03 00 00 00 00,06 00 00 00 00,,
NOM283,Prenom283,SERV,03 00 00 00 00,06 00 00 00 00,,
NOM284,Prenom284,SERV,03 00 00 00 00,06 00 00 00 00,,
NOM285,Prenom285,SERV,03 00 00 00 00,06 00 00 00 00,,
NOM286,Prenom286,SERV,03 00 00 00 00,06 00 00 00 00,,
NOM287,Prenom287,SERV,03 00 00 00 00,06 00 00 00 00,,
NOM288,Prenom288,SERV,03 00 00 00 00,06 00 00 00 00,,
NOM289,Prenom289,SERV,03 00 00 00 00,06 00 00 00 00,,
NOM290,Prenom290,SERV,03 00 00 00 00,06 00 00 00 00,,
NOM291,Prenom291,SERV,03 00 00 00 00,06 00 00 00 00,,
NOM292,Prenom292,SERV,03 00 00 00 00,06 00 00 00 00,,
NOM293,Prenom293,SERV,03 00 00 00 00,06 00 00 00 00,,
NOM294,Prenom294,SERV,03 00 00 00 00,06 00 00 00 00,,
NOM295,Prenom295,SERV,03 00 00 00 00,06 00 00 00 00,,
NOM296,Prenom296,SERV,03 00 00 00 00,06 00 00 00 00,,
NOM297,Prenom297,SERV,03 00 00 00 00,06 00 00 00 00,,
NOM298,Prenom298,SERV,03 00 00 00 00,06 00 00 00 00,,
NOM299,Prenom299,SERV,03 00 00 00 00,06 00 00 00 00,,
NOM300,Prenom300,SERV,03 00 00 00 00,06 00 00 00 00,,
NOM301,Prenom301,SERV,03 00 00 00 00,06 00 00 00 00,,
NOM302,Prenom302,SERV,03 00 00 00 00,06 00 00 00 00,,
NOM303,Prenom303,SERV,03 00 00 00 00,06 00 00 00 00,,
NOM304,Prenom304,SERV,03 00 00 00 00,06 00 00 00 00,,
NOM305,Prenom305,SERV,03 00 00 00 00,06 00 00 00 00,,
NOM306,Prenom306,SERV,03 00 00 00 00,06 00 00 00 00,,
NOM307,Prenom307,SERV,03 00 00 00 00,06 00 00 00 00,,
NOM308,Prenom308,SERV,03 00 00 00 00,06 00 00 00 00,,
NOM309,Prenom309,SERV,03 00 00 00 00,06 00 00 00 00,,
NOM310,Prenom310,SERV,03 00 00 00 00,06 00 00 00 00,,
NOM311,Prenom311,SERV,03 00 00 00 00,06 00 00 00 00,,
NOM312,Prenom312,SERV,03 00 00 00 00,06 00 00 00 00,,
NOM313,Prenom313,SERV,03 00 00 00 00,06 00 00 00 00,,
NOM314,Prenom314,SERV,03 00 00 00 00,06 00 00 00 00,,
NOM315,Prenom315,SERV,03 00 00 00 00,06 00 00 00 00,,
NOM316,Prenom316,SERV,03 00 00 00 00,06 00 00 00 00,,
NOM317,Prenom317,SERV,03 00 00 00 00,06 00 00 00 00,,
NOM318,Prenom318,SERV,03 00 00 00 00,06 00 00 00 00,,
NOM319,Prenom319,SERV,03 00 00 00 00,06 00 00 00 00,,
NOM320,Prenom320,SERV,03 00 00 00 00,06 00 00 00 00,,
NOM321,Prenom321,SERV,03 00 00 00 00,06 00 00 00 00,,
NOM322,Prenom322,SERV,03 00 00 00 00,06 00 00 00 00,,
NOM323,Prenom323,SERV,03 00 00 00 00,06 00 00 00 00,,
NOM324,Prenom324,SERV,03 00 00 00 00,06 00 00 00 00,,
NOM325,Prenom325,SERV,03 00 00 00 00,06 00 00 00 00,,
NOM326,Prenom326,SERV,03 00 00 00 00,06 00 00 00 00,,
NOM327,Prenom327,SERV,03 00 00 00 00,06 00 00 00 00,,
NOM328,Prenom328,SERV,03 00 00 00 00,06 00 00 00 00,,
NOM329,Prenom329,SERV,03 00 00 00 00,06 00 00 00 00,,
NOM330,Prenom330,SERV,03 00 00 00 00,06 00 00 00 00,,
NOM331,Prenom331,SERV,03 00 00 00 00,06 00 00 00 00,,
NOM332,Prenom332,SERV,03 00 00 00 00,06 00 00 00 00,,
NOM333,Prenom333,SERV,03 00 00 00 00,06 00 00 00 00,,
NOM334,Prenom334,SERV,03 00 00 00 00,06 00 00 00 00,,
NOM335,Prenom335,SERV,03 00 00 00 00,06 00 00 00 00,,
NOM336,Prenom336,SERV,03 00 00 00 00,06 00 00 00 00,,
NOM337,Prenom337,SERV,03 00 00 00 00,06 00 00 00 00,,
NOM338,Prenom338,SERV,03 00 00 00 00,06 00 00 00 00,,
NOM339,Prenom339,SERV,03 00 00 00 00,06 00 00 00 00,,
NOM340,Prenom340,SERV,03 00 00 00 00,06 00 00 00 00,,
NOM341,Prenom341,SERV,03 00 00 00 00,06 00 00 00 00,,
NOM342,Prenom342,SERV,03 00 00 00 00,06 00 00 00 00,,
NOM343,Prenom343,SERV,03 00 00 00 00,06 00 00 00 00,,
NOM344,Prenom344,SERV,03 00 00 00 00,06 00 00 00 00,,
NOM345,Prenom345,SERV,03 00 00 00 00,06 00 00 00 00,,
NOM346,Prenom346,SERV,03 00 00 00 00,06 00 00 00 00,,
NOM347,Prenom347,SERV,03 00 00 00 00,06 00 00 00 00,,
NOM348,Prenom348,SERV,03 00 00 00 00,06 00 00 00 00,,
NOM349,Prenom349,SERV,03 00 00 00 00,06 00 00 00 00,,
NOM350,Prenom350,SERV,03 00 00 00 00,06 00 00 00 00,,
